Workbook

Sheet Instructions
A1: Criticality Analysis Calculator
A3: This workbook calculates equipment criticality scores using a weighted multi-criteria approach.
A4: Use it to prioritise assets for RCM analysis, spare parts stocking, and maintenance strategy.
A6: SHEETS IN THIS WORKBOOK:
A7: 1. Criteria Definitions - Scoring guidelines and criteria weights (customisable)
A8: 2. Equipment Input - Enter your equipment and score each criterion
A9: 3. Dashboard - View ranked results and charts
A11: HOW TO USE:
A12: Step 1: Review and customise the Criteria Definitions (optional)
A13: Step 2: Adjust the criteria weights if needed (must sum to 100%)
A14: Step 3: Enter your equipment in the Equipment Input sheet
A15: Step 4: Score each criterion from 1 (lowest) to 5 (highest)
... A34: © 2026 Reliability HQ | reliabilityhq.com

Sheet Criteria Definitions
A1: CRITICALITY SCORING CRITERIA
A3: CRITERIA WEIGHTS (adjust to suit your priorities)
A4: Criterion | B4: Weight (%) | C4: Description
A5: Safety | B5: 30 | C5: Risk of injury or fatality
A6: Environmental | B6: 20 | C6: Risk of environmental harm
A7: Production | B7: 35 | C7: Impact on production/revenue
A8: Cost | B8: 15 | C8: Direct and consequential costs
A10: Note: Weights should sum to 100% | B10: =SUM(B5:B8)
A13: SAFETY SCORING
A14: Score | B14: Definition
A15: 1 | B15: No safety impact
A16: 2 | B16: Minor first aid injury possible
A17: 3 | B17: Lost time injury possible
A18: 4 | B18: Serious injury or permanent disability possible
A19: 5 | B19: Fatality or multiple serious injuries possible
A21: ENVIRONMENTAL SCORING
A22: Score | B22: Definition
A23: 1 | B23: No environmental impact
A24: 2 | B24: Minor contained release, easy cleanup
A25: 3 | B25: Moderate release, reportable incident
A26: 4 | B26: Significant release, regulatory action likely
A27: 5 | B27: Major release, lasting environmental damage
A29: PRODUCTION SCORING
A30: Score | B30: Definition
A31: 1 | B31: No production impact
A32: 2 | B32: Minor delay (<1 hour), no output loss
A33: 3 | B33: Moderate impact (1-8 hours downtime)
A34: 4 | B34: Significant impact (8-48 hours downtime)
A35: 5 | B35: Severe impact (>48 hours or plant-wide effect)
A37: COST SCORING
A38: Score | B38: Definition
A39: 1 | B39: < £1,000
A40: 2 | B40: £1,000 - £10,000
A41: 3 | B41: £10,000 - £50,000
A42: 4 | B42: £50,000 - £250,000
A43: 5 | B43: > £250,000
A50: © 2026 Reliability HQ | reliabilityhq.com

Sheet Equipment Input
A1: Equipment Tag | B1: Equipment Name | C1: Area/System | D1: Safety (1-5) | E1: Environmental (1-5) | F1: Production (1-5) | G1: Cost (1-5) | H1: Weighted Score | I1: Rank | J1: Criticality
A2: P-101 | B2: Main Feed Pump | C2: Process | D2: 2 | E2: 2 | F2: 5 | G2: 4 | H2: =D2*'Criteria Definitions'!$B$5/100+E2*'Criteria Definitions'!$B$6/100+F2*'Criteria Definitions'!$B$7/100+G2*'Criteria Definitions'!$B$8/100 | I2: =RANK(H2,$H$2:$H$101,0) | J2: =IF(H2>=4,"Critical",IF(H2>=3,"High",IF(H2>=2,"Medium","Low")))
A3: P-102 | B3: Backup Feed Pump | C3: Process | D3: 2 | E3: 2 | F3: 2 | G3: 4 | H3: =D3*'Criteria Definitions'!$B$5/100+E3*'Criteria Definitions'!$B$6/100+F3*'Criteria Definitions'!$B$7/100+G3*'Criteria Definitions'!$B$8/100 | I3: =RANK(H3,$H$2:$H$101,0) | J3: =IF(H3>=4,"Critical",IF(H3>=3,"High",IF(H3>=2,"Medium","Low")))
A4: C-101 | B4: Product Compressor | C4: Compression | D4: 4 | E4: 3 | F4: 5 | G4: 5 | H4: =D4*'Criteria Definitions'!$B$5/100+E4*'Criteria Definitions'!$B$6/100+F4*'Criteria Definitions'!$B$7/100+G4*'Criteria Definitions'!$B$8/100 | I4: =RANK(H4,$H$2:$H$101,0) | J4: =IF(H4>=4,"Critical",IF(H4>=3,"High",IF(H4>=2,"Medium","Low")))
A5: E-101 | B5: Process Heat Exchanger | C5: Heat Transfer | D5: 3 | E5: 4 | F5: 4 | G5: 3 | H5: =D5*'Criteria Definitions'!$B$5/100+E5*'Criteria Definitions'!$B$6/100+F5*'Criteria Definitions'!$B$7/100+G5*'Criteria Definitions'!$B$8/100 | I5: =RANK(H5,$H$2:$H$101,0) | J5: =IF(H5>=4,"Critical",IF(H5>=3,"High",IF(H5>=2,"Medium","Low")))
A6: T-101 | B6: Feed Tank | C6: Storage | D6: 3 | E6: 5 | F6: 3 | G6: 3 | H6: =D6*'Criteria Definitions'!$B$5/100+E6*'Criteria Definitions'!$B$6/100+F6*'Criteria Definitions'!$B$7/100+G6*'Criteria Definitions'!$B$8/100 | I6: =RANK(H6,$H$2:$H$101,0) | J6: =IF(H6>=4,"Critical",IF(H6>=3,"High",IF(H6>=2,"Medium","Low")))
A7: V-101 | B7: Pressure Relief Valve | C7: Safety | D7: 5 | E7: 4 | F7: 2 | G7: 2 | H7: =D7*'Criteria Definitions'!$B$5/100+E7*'Criteria Definitions'!$B$6/100+F7*'Criteria Definitions'!$B$7/100+G7*'Criteria Definitions'!$B$8/100 | I7: =RANK(H7,$H$2:$H$101,0) | J7: =IF(H7>=4,"Critical",IF(H7>=3,"High",IF(H7>=2,"Medium","Low")))
A8: M-101 | B8: Conveyor Drive Motor | C8: Material Handling | D8: 2 | E8: 1 | F8: 4 | G8: 3 | H8: =D8*'Criteria Definitions'!$B$5/100+E8*'Criteria Definitions'!$B$6/100+F8*'Criteria Definitions'!$B$7/100+G8*'Criteria Definitions'!$B$8/100 | I8: =RANK(H8,$H$2:$H$101,0) | J8: =IF(H8>=4,"Critical",IF(H8>=3,"High",IF(H8>=2,"Medium","Low")))
A9: FT-101 | B9: Flow Transmitter | C9: Instrumentation | D9: 1 | E9: 1 | F9: 3 | G9: 2 | H9: =D9*'Criteria Definitions'!$B$5/100+E9*'Criteria Definitions'!$B$6/100+F9*'Criteria Definitions'!$B$7/100+G9*'Criteria Definitions'!$B$8/100 | I9: =RANK(H9,$H$2:$H$101,0) | J9: =IF(H9>=4,"Critical",IF(H9>=3,"High",IF(H9>=2,"Medium","Low")))
A10: LCV-101 | B10: Level Control Valve | C10: Control | D10: 2 | E10: 3 | F10: 4 | G10: 2 | H10: =D10*'Criteria Definitions'!$B$5/100+E10*'Criteria Definitions'!$B$6/100+F10*'Criteria Definitions'!$B$7/100+G10*'Criteria Definitions'!$B$8/100 | I10: =RANK(H10,$H$2:$H$101,0) | J10: =IF(H10>=4,"Critical",IF(H10>=3,"High",IF(H10>=2,"Medium","Low")))
A11: G-101 | B11: Emergency Generator | C11: Utilities | D11: 5 | E11: 2 | F11: 5 | G11: 4 | H11: =D11*'Criteria Definitions'!$B$5/100+E11*'Criteria Definitions'!$B$6/100+F11*'Criteria Definitions'!$B$7/100+G11*'Criteria Definitions'!$B$8/100 | I11: =RANK(H11,$H$2:$H$101,0) | J11: =IF(H11>=4,"Critical",IF(H11>=3,"High",IF(H11>=2,"Medium","Low")))
H12: =IF(D12="","",D12*'Criteria Definitions'!$B$5/100+E12*'Criteria Definitions'!$B$6/100+F12*'Criteria Definitions'!$B$7/100+G12*'Criteria Definitions'!$B$8/100) | I12: =IF(H12="","",RANK(H12,$H$2:$H$101,0)) | J12: =IF(H12="","",IF(H12>=4,"Critical",IF(H12>=3,"High",IF(H12>=2,"Medium","Low"))))
H13: =IF(D13="","",D13*'Criteria Definitions'!$B$5/100+E13*'Criteria Definitions'!$B$6/100+F13*'Criteria Definitions'!$B$7/100+G13*'Criteria Definitions'!$B$8/100) | I13: =IF(H13="","",RANK(H13,$H$2:$H$101,0)) | J13: =IF(H13="","",IF(H13>=4,"Critical",IF(H13>=3,"High",IF(H13>=2,"Medium","Low"))))
H14: =IF(D14="","",D14*'Criteria Definitions'!$B$5/100+E14*'Criteria Definitions'!$B$6/100+F14*'Criteria Definitions'!$B$7/100+G14*'Criteria Definitions'!$B$8/100) | I14: =IF(H14="","",RANK(H14,$H$2:$H$101,0)) | J14: =IF(H14="","",IF(H14>=4,"Critical",IF(H14>=3,"High",IF(H14>=2,"Medium","Low"))))
H15: =IF(D15="","",D15*'Criteria Definitions'!$B$5/100+E15*'Criteria Definitions'!$B$6/100+F15*'Criteria Definitions'!$B$7/100+G15*'Criteria Definitions'!$B$8/100) | I15: =IF(H15="","",RANK(H15,$H$2:$H$101,0)) | J15: =IF(H15="","",IF(H15>=4,"Critical",IF(H15>=3,"High",IF(H15>=2,"Medium","Low"))))
H16: =IF(D16="","",D16*'Criteria Definitions'!$B$5/100+E16*'Criteria Definitions'!$B$6/100+F16*'Criteria Definitions'!$B$7/100+G16*'Criteria Definitions'!$B$8/100) | I16: =IF(H16="","",RANK(H16,$H$2:$H$101,0)) | J16: =IF(H16="","",IF(H16>=4,"Critical",IF(H16>=3,"High",IF(H16>=2,"Medium","Low"))))
H17: =IF(D17="","",D17*'Criteria Definitions'!$B$5/100+E17*'Criteria Definitions'!$B$6/100+F17*'Criteria Definitions'!$B$7/100+G17*'Criteria Definitions'!$B$8/100) | I17: =IF(H17="","",RANK(H17,$H$2:$H$101,0)) | J17: =IF(H17="","",IF(H17>=4,"Critical",IF(H17>=3,"High",IF(H17>=2,"Medium","Low"))))
H18: =IF(D18="","",D18*'Criteria Definitions'!$B$5/100+E18*'Criteria Definitions'!$B$6/100+F18*'Criteria Definitions'!$B$7/100+G18*'Criteria Definitions'!$B$8/100) | I18: =IF(H18="","",RANK(H18,$H$2:$H$101,0)) | J18: =IF(H18="","",IF(H18>=4,"Critical",IF(H18>=3,"High",IF(H18>=2,"Medium","Low"))))
H19: =IF(D19="","",D19*'Criteria Definitions'!$B$5/100+E19*'Criteria Definitions'!$B$6/100+F19*'Criteria Definitions'!$B$7/100+G19*'Criteria Definitions'!$B$8/100) | I19: =IF(H19="","",RANK(H19,$H$2:$H$101,0)) | J19: =IF(H19="","",IF(H19>=4,"Critical",IF(H19>=3,"High",IF(H19>=2,"Medium","Low"))))
H20: =IF(D20="","",D20*'Criteria Definitions'!$B$5/100+E20*'Criteria Definitions'!$B$6/100+F20*'Criteria Definitions'!$B$7/100+G20*'Criteria Definitions'!$B$8/100) | I20: =IF(H20="","",RANK(H20,$H$2:$H$101,0)) | J20: =IF(H20="","",IF(H20>=4,"Critical",IF(H20>=3,"High",IF(H20>=2,"Medium","Low"))))
H21: =IF(D21="","",D21*'Criteria Definitions'!$B$5/100+E21*'Criteria Definitions'!$B$6/100+F21*'Criteria Definitions'!$B$7/100+G21*'Criteria Definitions'!$B$8/100) | I21: =IF(H21="","",RANK(H21,$H$2:$H$101,0)) | J21: =IF(H21="","",IF(H21>=4,"Critical",IF(H21>=3,"High",IF(H21>=2,"Medium","Low"))))
H22: =IF(D22="","",D22*'Criteria Definitions'!$B$5/100+E22*'Criteria Definitions'!$B$6/100+F22*'Criteria Definitions'!$B$7/100+G22*'Criteria Definitions'!$B$8/100) | I22: =IF(H22="","",RANK(H22,$H$2:$H$101,0)) | J22: =IF(H22="","",IF(H22>=4,"Critical",IF(H22>=3,"High",IF(H22>=2,"Medium","Low"))))
H23: =IF(D23="","",D23*'Criteria Definitions'!$B$5/100+E23*'Criteria Definitions'!$B$6/100+F23*'Criteria Definitions'!$B$7/100+G23*'Criteria Definitions'!$B$8/100) | I23: =IF(H23="","",RANK(H23,$H$2:$H$101,0)) | J23: =IF(H23="","",IF(H23>=4,"Critical",IF(H23>=3,"High",IF(H23>=2,"Medium","Low"))))
... H51: =IF(D51="","",D51*'Criteria Definitions'!$B$5/100+E51*'Criteria Definitions'!$B$6/100+F51*'Criteria Definitions'!$B$7/100+G51*'Criteria Definitions'!$B$8/100) | I51: =IF(H51="","",RANK(H51,$H$2:$H$101,0)) | J51: =IF(H51="","",IF(H51>=4,"Critical",IF(H51>=3,"High",IF(H51>=2,"Medium","Low"))))
A55: © 2026 Reliability HQ | reliabilityhq.com

Sheet Dashboard
A1: CRITICALITY ANALYSIS DASHBOARD
A3: SUMMARY
A4: Total Equipment Analysed: | B4: =COUNTA('Equipment Input'!A2:A100)
A5: Critical Assets: | B5: =COUNTIF('Equipment Input'!J2:J100,"Critical")
A6: High Priority Assets: | B6: =COUNTIF('Equipment Input'!J2:J100,"High")
A7: Medium Priority Assets: | B7: =COUNTIF('Equipment Input'!J2:J100,"Medium")
A8: Low Priority Assets: | B8: =COUNTIF('Equipment Input'!J2:J100,"Low")
A9: Average Criticality Score: | B9: =AVERAGE('Equipment Input'!H2:H100)
A12: TOP 10 MOST CRITICAL ASSETS
A13: Rank | B13: Equipment Tag | C13: Equipment Name | D13: Score | E13: Criticality
A14: 1 | B14: =IFERROR(INDEX('Equipment Input'!A$2:A$100,MATCH(1,'Equipment Input'!I$2:I$100,0)),"") | C14: =IFERROR(INDEX('Equipment Input'!B$2:B$100,MATCH(1,'Equipment Input'!I$2:I$100,0)),"") | D14: =IFERROR(INDEX('Equipment Input'!H$2:H$100,MATCH(1,'Equipment Input'!I$2:I$100,0)),"") | E14: =IFERROR(INDEX('Equipment Input'!J$2:J$100,MATCH(1,'Equipment Input'!I$2:I$100,0)),"")
A15: 2 | B15: =IFERROR(INDEX('Equipment Input'!A$2:A$100,MATCH(2,'Equipment Input'!I$2:I$100,0)),"") | C15: =IFERROR(INDEX('Equipment Input'!B$2:B$100,MATCH(2,'Equipment Input'!I$2:I$100,0)),"") | D15: =IFERROR(INDEX('Equipment Input'!H$2:H$100,MATCH(2,'Equipment Input'!I$2:I$100,0)),"") | E15: =IFERROR(INDEX('Equipment Input'!J$2:J$100,MATCH(2,'Equipment Input'!I$2:I$100,0)),"")
A16: 3 | B16: =IFERROR(INDEX('Equipment Input'!A$2:A$100,MATCH(3,'Equipment Input'!I$2:I$100,0)),"") | C16: =IFERROR(INDEX('Equipment Input'!B$2:B$100,MATCH(3,'Equipment Input'!I$2:I$100,0)),"") | D16: =IFERROR(INDEX('Equipment Input'!H$2:H$100,MATCH(3,'Equipment Input'!I$2:I$100,0)),"") | E16: =IFERROR(INDEX('Equipment Input'!J$2:J$100,MATCH(3,'Equipment Input'!I$2:I$100,0)),"")
A17: 4 | B17: =IFERROR(INDEX('Equipment Input'!A$2:A$100,MATCH(4,'Equipment Input'!I$2:I$100,0)),"") | C17: =IFERROR(INDEX('Equipment Input'!B$2:B$100,MATCH(4,'Equipment Input'!I$2:I$100,0)),"") | D17: =IFERROR(INDEX('Equipment Input'!H$2:H$100,MATCH(4,'Equipment Input'!I$2:I$100,0)),"") | E17: =IFERROR(INDEX('Equipment Input'!J$2:J$100,MATCH(4,'Equipment Input'!I$2:I$100,0)),"")
A18: 5 | B18: =IFERROR(INDEX('Equipment Input'!A$2:A$100,MATCH(5,'Equipment Input'!I$2:I$100,0)),"") | C18: =IFERROR(INDEX('Equipment Input'!B$2:B$100,MATCH(5,'Equipment Input'!I$2:I$100,0)),"") | D18: =IFERROR(INDEX('Equipment Input'!H$2:H$100,MATCH(5,'Equipment Input'!I$2:I$100,0)),"") | E18: =IFERROR(INDEX('Equipment Input'!J$2:J$100,MATCH(5,'Equipment Input'!I$2:I$100,0)),"")
A19: 6 | B19: =IFERROR(INDEX('Equipment Input'!A$2:A$100,MATCH(6,'Equipment Input'!I$2:I$100,0)),"") | C19: =IFERROR(INDEX('Equipment Input'!B$2:B$100,MATCH(6,'Equipment Input'!I$2:I$100,0)),"") | D19: =IFERROR(INDEX('Equipment Input'!H$2:H$100,MATCH(6,'Equipment Input'!I$2:I$100,0)),"") | E19: =IFERROR(INDEX('Equipment Input'!J$2:J$100,MATCH(6,'Equipment Input'!I$2:I$100,0)),"")
A20: 7 | B20: =IFERROR(INDEX('Equipment Input'!A$2:A$100,MATCH(7,'Equipment Input'!I$2:I$100,0)),"") | C20: =IFERROR(INDEX('Equipment Input'!B$2:B$100,MATCH(7,'Equipment Input'!I$2:I$100,0)),"") | D20: =IFERROR(INDEX('Equipment Input'!H$2:H$100,MATCH(7,'Equipment Input'!I$2:I$100,0)),"") | E20: =IFERROR(INDEX('Equipment Input'!J$2:J$100,MATCH(7,'Equipment Input'!I$2:I$100,0)),"")
A21: 8 | B21: =IFERROR(INDEX('Equipment Input'!A$2:A$100,MATCH(8,'Equipment Input'!I$2:I$100,0)),"") | C21: =IFERROR(INDEX('Equipment Input'!B$2:B$100,MATCH(8,'Equipment Input'!I$2:I$100,0)),"") | D21: =IFERROR(INDEX('Equipment Input'!H$2:H$100,MATCH(8,'Equipment Input'!I$2:I$100,0)),"") | E21: =IFERROR(INDEX('Equipment Input'!J$2:J$100,MATCH(8,'Equipment Input'!I$2:I$100,0)),"")
A22: 9 | B22: =IFERROR(INDEX('Equipment Input'!A$2:A$100,MATCH(9,'Equipment Input'!I$2:I$100,0)),"") | C22: =IFERROR(INDEX('Equipment Input'!B$2:B$100,MATCH(9,'Equipment Input'!I$2:I$100,0)),"") | D22: =IFERROR(INDEX('Equipment Input'!H$2:H$100,MATCH(9,'Equipment Input'!I$2:I$100,0)),"") | E22: =IFERROR(INDEX('Equipment Input'!J$2:J$100,MATCH(9,'Equipment Input'!I$2:I$100,0)),"")
A23: 10 | B23: =IFERROR(INDEX('Equipment Input'!A$2:A$100,MATCH(10,'Equipment Input'!I$2:I$100,0)),"") | C23: =IFERROR(INDEX('Equipment Input'!B$2:B$100,MATCH(10,'Equipment Input'!I$2:I$100,0)),"") | D23: =IFERROR(INDEX('Equipment Input'!H$2:H$100,MATCH(10,'Equipment Input'!I$2:I$100,0)),"") | E23: =IFERROR(INDEX('Equipment Input'!J$2:J$100,MATCH(10,'Equipment Input'!I$2:I$100,0)),"")
A30: © 2026 Reliability HQ | reliabilityhq.com
